,train_MAE,train_MSE,train_QLIKE,train_norm_MAE,train_norm_MSE,train_norm_QLIKE,test_MAE,test_MSE,test_QLIKE,test_norm_MAE,test_norm_MSE,test_norm_QLIKE
HARNet,3.6025293585400214e-05,3.6996556966831366e-08,0.33416159865906786,0.03602529278524739,0.03699655695913686,0.33416159919766736,3.373130240296183e-05,5.9389581793700404e-09,0.3606606387485371,0.03373130157708289,0.00593895824492755,0.3606606347422313
