,train_MAE,train_MSE,train_QLIKE,train_norm_MAE,train_norm_MSE,train_norm_QLIKE,test_MAE,test_MSE,test_QLIKE,test_norm_MAE,test_norm_MSE,test_norm_QLIKE
HARNet,7.143384440349242e-05,4.632881211489928e-08,0.30852751472246226,0.07143384081541894,0.04632881046469042,0.3085275009568205,6.688578018859294e-05,3.3124118891005806e-08,0.28708420979310784,0.06688577689345432,0.033124117990886465,0.28708419500760535
