,train_MAE,train_MSE,train_QLIKE,train_norm_MAE,train_norm_MSE,train_norm_QLIKE,test_MAE,test_MSE,test_QLIKE,test_norm_MAE,test_norm_MSE,test_norm_QLIKE
HARNet,5.962967885060148e-05,3.87683102574112e-08,0.21155805744243805,0.059629677389437676,0.03876831027067579,0.21155805918045237,4.826984700668639e-05,4.299164233360727e-08,0.26087282986289617,0.04826984599985591,0.042991642283383716,0.26087282949958535
