,train_MAE,train_MSE,train_QLIKE,train_norm_MAE,train_norm_MSE,train_norm_QLIKE,test_MAE,test_MSE,test_QLIKE,test_norm_MAE,test_norm_MSE,test_norm_QLIKE
HARNet,2.648164727884152e-05,2.8902661102818788e-09,0.15022239804437582,0.026481646797968866,0.0028902661434231404,0.1502224010763495,2.8357848830291486e-05,5.110809954987982e-09,0.23578181613640706,0.028357847971080426,0.005110809947583171,0.23578181878546633
