,train_MAE,train_MSE,train_QLIKE,train_norm_MAE,train_norm_MSE,train_norm_QLIKE,test_MAE,test_MSE,test_QLIKE,test_norm_MAE,test_norm_MSE,test_norm_QLIKE
HARNet,0.0021524894383026408,4.835897613205523e-06,2.8510176556347258,2.1524893308685042,4.835897135785699,2.851017609747825,0.0021481199049013014,4.800174815844002e-06,2.8944426756475776,2.148119799058147,4.800174326350114,2.894442630559297
