,train_MAE,train_MSE,train_QLIKE,train_norm_MAE,train_norm_MSE,train_norm_QLIKE,test_MAE,test_MSE,test_QLIKE,test_norm_MAE,test_norm_MSE,test_norm_QLIKE
HARNet,3.6763091821870535e-05,3.697745177696214e-08,0.33624366966715674,0.03676309092720259,0.03697745181852065,0.33624366985365745,3.471774574871763e-05,5.914849212782308e-09,0.3684547401736603,0.03471774485631565,0.005914849269467934,0.3684547350795472
