,train_MAE,train_MSE,train_QLIKE,train_norm_MAE,train_norm_MSE,train_norm_QLIKE,test_MAE,test_MSE,test_QLIKE,test_norm_MAE,test_norm_MSE,test_norm_QLIKE
HARNet,3.747532379648826e-05,3.696841262605052e-08,0.3397244667774155,0.03747532287795286,0.036968412647282484,0.3397244634453345,3.5669403228321074e-05,5.904600014705875e-09,0.37653563805149526,0.035669402196636474,0.005904600035051714,0.37653562837858895
