,train_MAE,train_MSE,train_QLIKE,train_norm_MAE,train_norm_MSE,train_norm_QLIKE,test_MAE,test_MSE,test_QLIKE,test_norm_MAE,test_norm_MSE,test_norm_QLIKE
HARNet,0.0001081653673880251,9.194972961324325e-08,108.70543359244573,0.10816536739621053,0.09194972961501396,108.70543455249866,0.00010564121641068776,1.0179791989169032e-07,106.12689654558685,0.10564121641887322,0.10179791989341976,106.12689748323592
