,train_MAE,train_MSE,train_QLIKE,train_norm_MAE,train_norm_MSE,train_norm_QLIKE,test_MAE,test_MSE,test_QLIKE,test_norm_MAE,test_norm_MSE,test_norm_QLIKE
HARNet,5.732877823317998e-05,4.5055327240292696e-08,0.4553284559188358,0.057328778567205384,0.04505532762144543,0.45532848956955113,5.0622318591723855e-05,3.452575742146332e-08,0.410264275354783,0.05062231870832016,0.034525758036138054,0.4102643093778763
