,train_MAE,train_MSE,train_QLIKE,train_norm_MAE,train_norm_MSE,train_norm_QLIKE,test_MAE,test_MSE,test_QLIKE,test_norm_MAE,test_norm_MSE,test_norm_QLIKE
HARNet,2.706855504862734e-05,2.884043684829347e-09,0.15022021899798432,0.02706855420883675,0.0028840436951222312,0.15022021934870822,2.917725920295993e-05,5.116988076621472e-09,0.23390993562376075,0.02917725820152894,0.005116988057702644,0.23390993794203968
