,train_MAE,train_MSE,train_QLIKE,train_norm_MAE,train_norm_MSE,train_norm_QLIKE,test_MAE,test_MSE,test_QLIKE,test_norm_MAE,test_norm_MSE,test_norm_QLIKE
HARNet,2.678825317373575e-05,2.8855317785713538e-09,0.14995375500995908,0.026788252389925344,0.0028855317847028667,0.14995375619415147,2.8790600055072116e-05,5.116063458714598e-09,0.23463919313645035,0.028790599045039594,0.005116063420018094,0.23463919260595542
