,train_MAE,train_MSE,train_QLIKE,train_norm_MAE,train_norm_MSE,train_norm_QLIKE,test_MAE,test_MSE,test_QLIKE,test_norm_MAE,test_norm_MSE,test_norm_QLIKE
HARNet,0.0009207274481130709,1.8932574072914883e-06,1.9091046959703428,0.9207273993510056,1.893257197734157,1.909104652006454,0.0009023025719711999,2.09126186248263e-06,1.9239271125571242,0.9023025233898577,2.091261636218517,1.9239270684254508
