,train_MAE,train_MSE,train_QLIKE,train_norm_MAE,train_norm_MSE,train_norm_QLIKE,test_MAE,test_MSE,test_QLIKE,test_norm_MAE,test_norm_MSE,test_norm_QLIKE
HARNet,5.734397005957385e-05,4.17384994131305e-08,0.24171112117141758,0.057343968481923795,0.04173849928910191,0.24171111900322984,5.6040689743327495e-05,3.50333133468329e-08,0.2257753222023875,0.056040688476959866,0.035033313962045426,0.22577531886358515
