,train_MAE,train_MSE,train_QLIKE,train_norm_MAE,train_norm_MSE,train_norm_QLIKE,test_MAE,test_MSE,test_QLIKE,test_norm_MAE,test_norm_MSE,test_norm_QLIKE
HARNet,5.546384250133756e-05,1.2651305652720651e-08,0.15343828574353985,0.055463840876729585,0.012651305618439274,0.15343828540316434,1.518058052178526e-05,3.6562426490290146e-10,0.11530028645898162,0.0151805795628025,0.0003656242317804274,0.11530027942438943
