,train_MAE,train_MSE,train_QLIKE,train_norm_MAE,train_norm_MSE,train_norm_QLIKE,test_MAE,test_MSE,test_QLIKE,test_norm_MAE,test_norm_MSE,test_norm_QLIKE
HARNet,3.6015620960963496e-05,3.6997568404433985e-08,0.33452837882206937,0.03601562015751262,0.03699756844403318,0.3345283817230277,3.3768159332049615e-05,5.947935058305366e-09,0.36139395110066086,0.03376815874673924,0.005947935135296562,0.36139394943429404
