,train_MAE,train_MSE,train_QLIKE,train_norm_MAE,train_norm_MSE,train_norm_QLIKE,test_MAE,test_MSE,test_QLIKE,test_norm_MAE,test_norm_MSE,test_norm_QLIKE
HARNet,6.653446236775403e-05,4.552319065404226e-08,0.20292428359959194,0.0665344608838412,0.04552319059263015,0.20292428424130363,4.378121158567795e-05,3.377204115489696e-08,0.26924866213803367,0.04378121053863515,0.03377204098202455,0.2692486573808312
