,train_MAE,train_MSE,train_QLIKE,train_norm_MAE,train_norm_MSE,train_norm_QLIKE,test_MAE,test_MSE,test_QLIKE,test_norm_MAE,test_norm_MSE,test_norm_QLIKE
HARNet,3.614403386368561e-05,3.69906828001024e-08,0.33460452537794627,0.03614403303315602,0.03699068280357488,0.3346045260423077,3.392488507349312e-05,5.9382145600022586e-09,0.3623747471240473,0.03392488417577855,0.005938214632607476,0.36237474397694097
