,train_MAE,train_MSE,train_QLIKE,train_norm_MAE,train_norm_MSE,train_norm_QLIKE,test_MAE,test_MSE,test_QLIKE,test_norm_MAE,test_norm_MSE,test_norm_QLIKE
HARNet,3.303370476435397e-05,2.354773953490528e-08,0.3296570613783783,0.03303370416610857,0.02354773959820951,0.32965706142377055,2.1377630624697257e-05,9.708694408125686e-10,0.22841950101834968,0.02137762969053387,0.0009708694388655112,0.2284194939422645
