,train_MAE,train_MSE,train_QLIKE,train_norm_MAE,train_norm_MSE,train_norm_QLIKE,test_MAE,test_MSE,test_QLIKE,test_norm_MAE,test_norm_MSE,test_norm_QLIKE
HARNet,3.6378660172673855e-05,3.698626607405514e-08,0.33500978862004693,0.03637865936207721,0.03698626611889938,0.3350097894545029,3.420543377866326e-05,5.924913790709106e-09,0.3642506372799391,0.034205432927664946,0.0059249138625362815,0.36425063454058654
