,train_MAE,train_MSE,train_QLIKE,train_norm_MAE,train_norm_MSE,train_norm_QLIKE,test_MAE,test_MSE,test_QLIKE,test_norm_MAE,test_norm_MSE,test_norm_QLIKE
HARNet,0.00036475765806283367,1.68617238893402e-07,1.3606185015503798,0.3647576374193208,0.16861722235862664,1.3606184627710427,0.00036321504055011997,1.5377018994015303e-07,1.38339325483896,0.3632150200216814,0.15377017291933495,1.3833932154449728
