,train_MAE,train_MSE,train_QLIKE,train_norm_MAE,train_norm_MSE,train_norm_QLIKE,test_MAE,test_MSE,test_QLIKE,test_norm_MAE,test_norm_MSE,test_norm_QLIKE
HARNet,3.7062225888660606e-05,3.6971674671310666e-08,0.3376995166501183,0.03706222486111603,0.036971674691228876,0.3376995165633529,3.5140905752316186e-05,5.911594978587408e-09,0.3720722188912599,0.035140904761284564,0.0059115950105536625,0.37207221022147036
