,train_MAE,train_MSE,train_QLIKE,train_norm_MAE,train_norm_MSE,train_norm_QLIKE,test_MAE,test_MSE,test_QLIKE,test_norm_MAE,test_norm_MSE,test_norm_QLIKE
HARNet,3.6242467184065776e-05,3.699002999952743e-08,0.3347572048404379,0.03624246638784746,0.03699003005225531,0.3347572082174593,3.405420627672066e-05,5.934916689514242e-09,0.3633295054072067,0.03405420547757799,0.005934916746507086,0.3633295015385269
