,train_MAE,train_MSE,train_QLIKE,train_norm_MAE,train_norm_MSE,train_norm_QLIKE,test_MAE,test_MSE,test_QLIKE,test_norm_MAE,test_norm_MSE,test_norm_QLIKE
HARNet,3.644790511774133e-05,3.6984018368158e-08,0.3355457375023183,0.036447904284203,0.03698401844323101,0.3355457395129506,3.432932779602254e-05,5.9276450298107956e-09,0.3655073562174304,0.03432932697672662,0.005927645088881123,0.36550735131115397
